{
  "ext/fragment/Pdffragment-dbg.js": 1700021946672,
  "Component.js": 1700021946672,
  "ext/fragment/Pdffragment.js": 1700021946672,
  "ext/controller/Showpdf.js": 1700021946672,
  "ext/controller/Pdfcontroller.controller.js": 1700021946672,
  "manifest.json": 1700037445513,
  "Component-preload.js": 1700037445671,
  "ext/controller/Pdfcontroller-dbg.controller.js": 1700021946672,
  "ext/controller/Showpdf-dbg.js": 1700021946672,
  "i18n/i18n.properties": 1700021946672,
  "Component-dbg.js": 1700021946672,
  "ext/fragment/Pdffragment.fragment.xml": 1700021946672,
  "index.html": 1700021946672
}