{
  "Component-preload.js": 1699866557333,
  "ext/fragment/Pdffragment.js": 1699595755346,
  "manifest.json": 1699866556962,
  "ext/controller/Showpdf.js": 1699595755346,
  "ext/controller/Pdfcontroller.controller.js": 1699595755346,
  "Component.js": 1699595755346,
  "i18n/i18n.properties": 1699595755346,
  "ext/fragment/Pdffragment-dbg.js": 1699595755346,
  "ext/controller/Showpdf-dbg.js": 1699595755346,
  "ext/controller/Pdfcontroller-dbg.controller.js": 1699595755346,
  "Component-dbg.js": 1699595755346,
  "ext/fragment/Pdffragment.fragment.xml": 1699595755346,
  "index.html": 1699595755346
}