{
  "ext/fragment/Pdffragment.fragment.xml": 1700472497573,
  "ext/fragment/Pdffragment.js": 1700472497573,
  "manifest.json": 1700548001184,
  "ext/controller/Showpdf.js": 1700472497573,
  "ext/controller/Pdfcontroller.controller.js": 1700472497573,
  "Component.js": 1700472497573,
  "Component-preload.js": 1700548001535,
  "Component-dbg.js": 1700472497573,
  "ext/controller/Showpdf-dbg.js": 1700472497573,
  "ext/controller/Pdfcontroller-dbg.controller.js": 1700472497573,
  "ext/fragment/Pdffragment-dbg.js": 1700472497573,
  "i18n/i18n.properties": 1700472497573,
  "index.html": 1700472497573
}