{
  "Component-dbg.js": 1699340564540,
  "manifest.json": 1699530203908,
  "ext/fragment/Pdffragment.js": 1699340569936,
  "ext/controller/Showpdf.js": 1699340567768,
  "ext/controller/Pdfcontroller.controller.js": 1699340567768,
  "Component.js": 1699340564540,
  "Component-preload.js": 1699530204033,
  "ext/controller/Showpdf-dbg.js": 1699340567768,
  "ext/controller/Pdfcontroller-dbg.controller.js": 1699340567768,
  "ext/fragment/Pdffragment-dbg.js": 1699340569936,
  "i18n/i18n.properties": 1699340572068,
  "ext/fragment/Pdffragment.fragment.xml": 1699340569936,
  "index.html": 1699340564540
}